symptom,findingSite(expanded),site_implies_system,asserted_system
sx_下肢冷,LowerLimb,LimbFinding,WholeBodyFinding
sx_下肢沉重,LowerLimb,LimbFinding,PsychiatricFinding
sx_不射精,Genital,FemaleFinding,AbdominalFinding
sx_乳房疼痛,Thorax,ThoraxFinding,WholeBodyFinding
sx_二手掌脱屑,UpperLimb,LimbFinding,SkinFinding
sx_但欲漱水不欲咽,HeadNeck,HeadNeckFinding,PsychiatricFinding
sx_偏头痛,HeadNeck,HeadNeckFinding,WholeBodyFinding
sx_全头痛,HeadNeck,HeadNeckFinding,WholeBodyFinding
sx_副睾硬结,Genital,FemaleFinding,AbdominalFinding
sx_劳累发热,HeadNeck,HeadNeckFinding,WholeBodyFinding
sx_包皮嵌顿,Genital,FemaleFinding,AbdominalFinding
sx_包皮水肿,Genital,FemaleFinding,AbdominalFinding
sx_包皮过长,Genital,FemaleFinding,AbdominalFinding
sx_包茎,Genital,FemaleFinding,AbdominalFinding
sx_发热,HeadNeck,HeadNeckFinding,WholeBodyFinding
sx_发热重_恶寒轻,HeadNeck,HeadNeckFinding,WholeBodyFinding
sx_发癫,HeadNeck,HeadNeckFinding,PsychiatricFinding
sx_口不渴,HeadNeck,HeadNeckFinding,PsychiatricFinding
sx_口中尿臊气,HeadNeck,HeadNeckFinding,PsychiatricFinding
sx_口中苹果气,HeadNeck,HeadNeckFinding,PsychiatricFinding
sx_口咸,HeadNeck,HeadNeckFinding,PsychiatricFinding
sx_口干,HeadNeck,HeadNeckFinding,PsychiatricFinding
sx_口气腥臭,HeadNeck,HeadNeckFinding,PsychiatricFinding
sx_口气臭,HeadNeck,HeadNeckFinding,PsychiatricFinding
sx_口气酸臭,HeadNeck,HeadNeckFinding,PsychiatricFinding
sx_口淡,HeadNeck,HeadNeckFinding,PsychiatricFinding
sx_口渴引饮,HeadNeck,HeadNeckFinding,PsychiatricFinding
sx_口甜,HeadNeck,HeadNeckFinding,PsychiatricFinding
sx_口粘,HeadNeck,HeadNeckFinding,PsychiatricFinding
sx_口腔痛,HeadNeck,HeadNeckFinding,WholeBodyFinding
sx_口腻,HeadNeck,HeadNeckFinding,PsychiatricFinding
sx_口臭,HeadNeck,HeadNeckFinding,PsychiatricFinding
sx_口苦,HeadNeck,HeadNeckFinding,PsychiatricFinding
sx_口酸,HeadNeck,HeadNeckFinding,PsychiatricFinding
sx_后头痛,HeadNeck,HeadNeckFinding,WholeBodyFinding
sx_吐舌,Tongue,TongueFinding,PsychiatricFinding
sx_呛咳,Thorax,ThoraxFinding,PsychiatricFinding
sx_呼吸张口抬肩,HeadNeck,HeadNeckFinding,ThoraxFinding
sx_咳后有鸡鸣样回声,Thorax,ThoraxFinding,PsychiatricFinding
sx_咳嗽,Thorax,ThoraxFinding,PsychiatricFinding
sx_咳嗽频作,Thorax,ThoraxFinding,PsychiatricFinding
sx_咳声嘶哑,Thorax,ThoraxFinding,PsychiatricFinding
sx_咳声洪亮,Thorax,ThoraxFinding,PsychiatricFinding
sx_咳声重浊,Thorax,ThoraxFinding,PsychiatricFinding
sx_咳如犬吠,Thorax,ThoraxFinding,PsychiatricFinding
sx_咽喉痛,HeadNeck,HeadNeckFinding,WholeBodyFinding
sx_唇痛,HeadNeck,HeadNeckFinding,WholeBodyFinding
sx_啮舌,Tongue,TongueFinding,PsychiatricFinding
sx_啮齿有声,HeadNeck,HeadNeckFinding,PsychiatricFinding
sx_喉中声如曳锯,HeadNeck,HeadNeckFinding,PsychiatricFinding
sx_喉中水鸡声,HeadNeck,HeadNeckFinding,PsychiatricFinding
sx_喉中痰鸣,HeadNeck,HeadNeckFinding,PsychiatricFinding
sx_地图舌,Tongue,TongueFinding,PsychiatricFinding
sx_头中鸣响,HeadNeck,HeadNeckFinding,WholeBodyFinding
sx_头如蒙,HeadNeck,HeadNeckFinding,PsychiatricFinding
sx_头恶风寒,HeadNeck,HeadNeckFinding,WholeBodyFinding
sx_头昏,HeadNeck,HeadNeckFinding,PsychiatricFinding
sx_头晕,HeadNeck,HeadNeckFinding,PsychiatricFinding
sx_头痒,HeadNeck,HeadNeckFinding,PsychiatricFinding
sx_头痛,HeadNeck,HeadNeckFinding,WholeBodyFinding
sx_头皮脱屑,HeadNeck,HeadNeckFinding,SkinFinding
sx_头胀,HeadNeck,HeadNeckFinding,PsychiatricFinding
sx_头部热感,HeadNeck,HeadNeckFinding,WholeBodyFinding
sx_头重,HeadNeck,HeadNeckFinding,PsychiatricFinding
sx_头重脚轻,LowerLimb,LimbFinding,WholeBodyFinding
sx_头闷,HeadNeck,HeadNeckFinding,PsychiatricFinding
sx_头面烘热,HeadNeck,HeadNeckFinding,WholeBodyFinding
sx_头顶痛,HeadNeck,HeadNeckFinding,WholeBodyFinding
sx_妇女月经期_寒热往来,Genital,FemaleFinding,WholeBodyFinding
sx_小儿颈项软弱无力,HeadNeck,HeadNeckFinding,ThoraxFinding
sx_尿如乳糜,Thorax,ThoraxFinding,PsychiatricFinding
sx_左前胸痛,Thorax,ThoraxFinding,WholeBodyFinding
sx_干咳,Thorax,ThoraxFinding,PsychiatricFinding
sx_弄舌,Tongue,TongueFinding,PsychiatricFinding
sx_心胸烦热,Thorax,ThoraxFinding,WholeBodyFinding
sx_性欲淡漠,Genital,FemaleFinding,AbdominalFinding
sx_恶寒发热,HeadNeck,HeadNeckFinding,WholeBodyFinding
sx_恶寒重_发热轻,HeadNeck,HeadNeckFinding,WholeBodyFinding
sx_患病半身发胀,HeadNeck,HeadNeckFinding,WholeBodyFinding
sx_患肢发胀,HeadNeck,HeadNeckFinding,PsychiatricFinding
sx_手痒,UpperLimb,LimbFinding,PsychiatricFinding
sx_手足心热,UpperLimb,LimbFinding,WholeBodyFinding
sx_手足瘙痒,UpperLimb,LimbFinding,PsychiatricFinding
sx_手麻,UpperLimb,LimbFinding,PsychiatricFinding
sx_指_趾尖麻,UpperLimb,LimbFinding,PsychiatricFinding
sx_指按有脓不流,UpperLimb,LimbFinding,WholeBodyFinding
sx_指按有脓流出,UpperLimb,LimbFinding,WholeBodyFinding
sx_指纹分枝,UpperLimb,LimbFinding,PulseFinding
sx_指纹单枝,UpperLimb,LimbFinding,PulseFinding
sx_指纹变细,UpperLimb,LimbFinding,PulseFinding
sx_指纹增粗,UpperLimb,LimbFinding,PulseFinding
sx_指纹增长,UpperLimb,LimbFinding,PulseFinding
sx_指纹沉隐,UpperLimb,LimbFinding,PulseFinding
sx_指纹浮露,UpperLimb,LimbFinding,PulseFinding
sx_指纹现于命关,UpperLimb,LimbFinding,PulseFinding
sx_指纹现于气关,UpperLimb,LimbFinding,PulseFinding
sx_指纹现于风关,UpperLimb,LimbFinding,PulseFinding
sx_指纹缩短,UpperLimb,LimbFinding,PulseFinding
sx_指纹色淡,UpperLimb,LimbFinding,PulseFinding
sx_指纹色紫红,UpperLimb,LimbFinding,PulseFinding
sx_指纹色紫黑,UpperLimb,LimbFinding,PulseFinding
sx_指纹色红,UpperLimb,LimbFinding,PulseFinding
sx_指纹色青,UpperLimb,LimbFinding,PulseFinding
sx_指纹透关射甲,UpperLimb,LimbFinding,PulseFinding
sx_指纹郁滞,UpperLimb,LimbFinding,PulseFinding
sx_振寒发热,HeadNeck,HeadNeckFinding,WholeBodyFinding
sx_早泄,Genital,FemaleFinding,AbdominalFinding
sx_梦中啮齿,HeadNeck,HeadNeckFinding,PsychiatricFinding
sx_梦遗,Genital,FemaleFinding,AbdominalFinding
sx_气喘息粗,Thorax,ThoraxFinding,PsychiatricFinding
sx_滑精,Genital,FemaleFinding,AbdominalFinding
sx_烧伤创口基底晦暗,HeadNeck,HeadNeckFinding,SkinFinding
sx_烧伤创口基底潮湿,HeadNeck,HeadNeckFinding,SkinFinding
sx_烧伤创口基底红活,HeadNeck,HeadNeckFinding,SkinFinding
sx_烧伤创口基底色白,HeadNeck,HeadNeckFinding,SkinFinding
sx_牙根痛,HeadNeck,HeadNeckFinding,WholeBodyFinding
sx_牙痛,HeadNeck,HeadNeckFinding,WholeBodyFinding
sx_牙眼痛,HeadNeck,HeadNeckFinding,WholeBodyFinding
sx_疮疡有脓头,HeadNeck,HeadNeckFinding,SkinFinding
sx_疮疡根脚坚牢,LowerLimb,LimbFinding,SkinFinding
sx_疮疡根脚大,LowerLimb,LimbFinding,SkinFinding
sx_疮疡根脚小,LowerLimb,LimbFinding,SkinFinding
sx_疮疡根脚收束,LowerLimb,LimbFinding,SkinFinding
sx_疮疡根脚散漫,LowerLimb,LimbFinding,SkinFinding
sx_疮疡脓头如粟粒,HeadNeck,HeadNeckFinding,SkinFinding
sx_疮边如缸口,HeadNeck,HeadNeckFinding,SkinFinding
sx_疮面收口,HeadNeck,HeadNeckFinding,SkinFinding
sx_痈疡扪之有捻发感,HeadNeck,HeadNeckFinding,SkinFinding
sx_痈疡拍之不应指,UpperLimb,LimbFinding,SkinFinding
sx_痈疮表面光软无头,HeadNeck,HeadNeckFinding,SkinFinding
sx_瘘口部脓水黄稠,HeadNeck,HeadNeckFinding,WholeBodyFinding
sx_瘤体疮口出血如喷射状,HeadNeck,HeadNeckFinding,WholeBodyFinding
sx_瘤体表面血络丛集,HeadNeck,HeadNeckFinding,WholeBodyFinding
sx_瘤体表面血络紫蓝,HeadNeck,HeadNeckFinding,WholeBodyFinding
sx_瘤体表面青筋垒垒,HeadNeck,HeadNeckFinding,WholeBodyFinding
sx_瘤顶有针头大小黑色凹陷,HeadNeck,HeadNeckFinding,WholeBodyFinding
sx_瘿肿不随吞咽移动,HeadNeck,HeadNeckFinding,ThoraxFinding
sx_瘿肿随吞咽移动,HeadNeck,HeadNeckFinding,ThoraxFinding
sx_皮肤发白,HeadNeck,HeadNeckFinding,SkinFinding
sx_目珠痛,HeadNeck,HeadNeckFinding,WholeBodyFinding
sx_目痛,HeadNeck,HeadNeckFinding,WholeBodyFinding
sx_目眦角疼痛,HeadNeck,HeadNeckFinding,WholeBodyFinding
sx_目眶痛,HeadNeck,HeadNeckFinding,WholeBodyFinding
sx_眼内疼痛,HeadNeck,HeadNeckFinding,WholeBodyFinding
sx_眼睑痛,HeadNeck,HeadNeckFinding,WholeBodyFinding
sx_睡中啮齿,HeadNeck,HeadNeckFinding,PsychiatricFinding
sx_睾丸坚硬,Genital,FemaleFinding,AbdominalFinding
sx_睾丸外露,Genital,FemaleFinding,AbdominalFinding
sx_睾丸肿大,Genital,FemaleFinding,AbdominalFinding
sx_睾丸表面不光滑,Genital,FemaleFinding,AbdominalFinding
sx_睾丸表面光滑,Genital,FemaleFinding,AbdominalFinding
sx_睾丸部肿块,Genital,FemaleFinding,AbdominalFinding
sx_精液清冷,Genital,FemaleFinding,AbdominalFinding
sx_精液稠粘,Genital,FemaleFinding,AbdominalFinding
sx_精液量多,Genital,FemaleFinding,AbdominalFinding
sx_精液量少,Genital,FemaleFinding,AbdominalFinding
sx_精索坚硬,Genital,FemaleFinding,AbdominalFinding
sx_精索增粗,Genital,FemaleFinding,AbdominalFinding
sx_精索筋脉如蚯蚓状,Genital,FemaleFinding,AbdominalFinding
sx_精索结节,Genital,FemaleFinding,AbdominalFinding
sx_绊舌,Tongue,TongueFinding,PsychiatricFinding
sx_经行发热,HeadNeck,HeadNeckFinding,FemaleFinding
sx_经行口糜,HeadNeck,HeadNeckFinding,FemaleFinding
sx_经行头痛,HeadNeck,HeadNeckFinding,FemaleFinding
sx_经行目暗,HeadNeck,HeadNeckFinding,FemaleFinding
sx_结喉一侧漫肿,HeadNeck,HeadNeckFinding,ThoraxFinding
sx_耳底痛,HeadNeck,HeadNeckFinding,WholeBodyFinding
sx_耳廓痛,HeadNeck,HeadNeckFinding,WholeBodyFinding
sx_耳痛,HeadNeck,HeadNeckFinding,WholeBodyFinding
sx_肉芽发痒,HeadNeck,HeadNeckFinding,SkinFinding
sx_肋痛,Thorax,ThoraxFinding,WholeBodyFinding
sx_肛门周围皮肤见瘘口,HeadNeck,HeadNeckFinding,ExcretionFinding
sx_肛门坠胀,Anal,ExcretionFinding,PsychiatricFinding
sx_肛门异物感,Anal,ExcretionFinding,PsychiatricFinding
sx_肛门痛,Anal,ExcretionFinding,WholeBodyFinding
sx_肛门瘙痒,Anal,ExcretionFinding,PsychiatricFinding
sx_肢体发绀,HeadNeck,HeadNeckFinding,LimbFinding
sx_肩痛,UpperLimb,LimbFinding,WholeBodyFinding
sx_肿块对称发生,HeadNeck,HeadNeckFinding,WholeBodyFinding
sx_肿块表面光滑,HeadNeck,HeadNeckFinding,WholeBodyFinding
sx_肿块表面高低不平,HeadNeck,HeadNeckFinding,WholeBodyFinding
sx_肿瘤头大蒂小,HeadNeck,HeadNeckFinding,WholeBodyFinding
sx_胁痛,Thorax,ThoraxFinding,WholeBodyFinding
sx_背冷,Back,BackFinding,WholeBodyFinding
sx_背恶寒,Back,BackFinding,WholeBodyFinding
sx_背热,Back,BackFinding,WholeBodyFinding
sx_背痛,Back,BackFinding,WholeBodyFinding
sx_胸痛,Thorax,ThoraxFinding,WholeBodyFinding
sx_腰痛连足,LowerLimb,LimbFinding,WholeBodyFinding
sx_膝冷,LowerLimb,LimbFinding,WholeBodyFinding
sx_膝软无力,LowerLimb,LimbFinding,PsychiatricFinding
sx_膝酸,LowerLimb,LimbFinding,PsychiatricFinding
sx_舌下痰包,Tongue,TongueFinding,PsychiatricFinding
sx_舌体强硬,Tongue,TongueFinding,PsychiatricFinding
sx_舌体歪斜,Tongue,TongueFinding,PsychiatricFinding
sx_舌体痿软,Tongue,TongueFinding,PsychiatricFinding
sx_舌光,Tongue,TongueFinding,PsychiatricFinding
sx_舌出血,Tongue,TongueFinding,PsychiatricFinding
sx_舌卷,Tongue,TongueFinding,PsychiatricFinding
sx_舌如干荔,Tongue,TongueFinding,PsychiatricFinding
sx_舌如杨梅,Tongue,TongueFinding,PsychiatricFinding
sx_舌如沙皮,Tongue,TongueFinding,PsychiatricFinding
sx_舌如火柿,Tongue,TongueFinding,PsychiatricFinding
sx_舌如猪腰,Tongue,TongueFinding,PsychiatricFinding
sx_舌嫩,Tongue,TongueFinding,PsychiatricFinding
sx_舌干,Tongue,TongueFinding,PsychiatricFinding
sx_舌有瘀点,Tongue,TongueFinding,PsychiatricFinding
sx_舌有白星,Tongue,TongueFinding,PsychiatricFinding
sx_舌有紫斑,Tongue,TongueFinding,PsychiatricFinding
sx_舌有红星,Tongue,TongueFinding,PsychiatricFinding
sx_舌有裂纹,Tongue,TongueFinding,PsychiatricFinding
sx_舌有齿痕,HeadNeck,HeadNeckFinding,PsychiatricFinding
sx_舌枯,Tongue,TongueFinding,PsychiatricFinding
sx_舌枯白,Tongue,TongueFinding,PsychiatricFinding
sx_舌淡白,Tongue,TongueFinding,PsychiatricFinding
sx_舌淡红,Tongue,TongueFinding,PsychiatricFinding
sx_舌溃疡,Tongue,TongueFinding,PsychiatricFinding
sx_舌生疮,Tongue,TongueFinding,PsychiatricFinding
sx_舌痈,Tongue,TongueFinding,PsychiatricFinding
sx_舌痛,Tongue,TongueFinding,WholeBodyFinding
sx_舌瘦小,Tongue,TongueFinding,PsychiatricFinding
sx_舌瘦薄,Tongue,TongueFinding,PsychiatricFinding
sx_舌短缩,Tongue,TongueFinding,PsychiatricFinding
sx_舌破裂出血,Tongue,TongueFinding,PsychiatricFinding
sx_舌紫,Tongue,TongueFinding,PsychiatricFinding
sx_舌红,Tongue,TongueFinding,PsychiatricFinding
sx_舌纵不收,Tongue,TongueFinding,PsychiatricFinding
sx_舌绛,Tongue,TongueFinding,PsychiatricFinding
sx_舌老,Tongue,TongueFinding,PsychiatricFinding
sx_舌肿胀,Tongue,TongueFinding,PsychiatricFinding
sx_舌胖大,Tongue,TongueFinding,PsychiatricFinding
sx_舌色猪黑,Tongue,TongueFinding,PsychiatricFinding
sx_舌荣,Tongue,TongueFinding,PsychiatricFinding
sx_舌菌,Tongue,TongueFinding,PsychiatricFinding
sx_舌蓝,Tongue,TongueFinding,PsychiatricFinding
sx_舌謇语涩,Tongue,TongueFinding,PsychiatricFinding
sx_舌起芒刺,Tongue,TongueFinding,PsychiatricFinding
sx_舌青,Tongue,TongueFinding,PsychiatricFinding
sx_舌面生疔,Tongue,TongueFinding,PsychiatricFinding
sx_舌颤动,Tongue,TongueFinding,PsychiatricFinding
sx_莲花舌,Tongue,TongueFinding,PsychiatricFinding
sx_血精,Genital,FemaleFinding,AbdominalFinding
sx_赘皮发红,HeadNeck,HeadNeckFinding,ExcretionFinding
sx_足痒,LowerLimb,LimbFinding,PsychiatricFinding
sx_足跟痛,LowerLimb,LimbFinding,WholeBodyFinding
sx_足部脱屑,LowerLimb,LimbFinding,SkinFinding
sx_足麻,LowerLimb,LimbFinding,PsychiatricFinding
sx_遗精,Genital,FemaleFinding,AbdominalFinding
sx_重舌,Tongue,TongueFinding,PsychiatricFinding
sx_阳强,Genital,FemaleFinding,AbdominalFinding
sx_阳疾,Genital,FemaleFinding,AbdominalFinding
sx_阴囊偏坠一侧,Genital,FemaleFinding,AbdominalFinding
sx_阴囊内肿物,Genital,FemaleFinding,AbdominalFinding
sx_阴囊水肿,Genital,FemaleFinding,AbdominalFinding
sx_阴囊流脓,Genital,FemaleFinding,AbdominalFinding
sx_阴囊溃破,Genital,FemaleFinding,AbdominalFinding
sx_阴囊疼痛,Genital,FemaleFinding,WholeBodyFinding
sx_阴囊瘘管,Genital,FemaleFinding,AbdominalFinding
sx_阴囊瘙痒,Genital,FemaleFinding,AbdominalFinding
sx_阴囊皮肤光亮,Genital,FemaleFinding,AbdominalFinding
sx_阴囊皮肤发红,HeadNeck,HeadNeckFinding,AbdominalFinding
sx_阴囊皮肤暗红,Genital,FemaleFinding,AbdominalFinding
sx_阴囊皮肤溃烂,Genital,FemaleFinding,AbdominalFinding
sx_阴囊皮肤潮湿,Genital,FemaleFinding,AbdominalFinding
sx_阴囊皮肤紫黑,Genital,FemaleFinding,AbdominalFinding
sx_阴囊皮肤裂开,Genital,FemaleFinding,AbdominalFinding
sx_阴囊皮肤顽厚,Genital,FemaleFinding,AbdominalFinding
sx_阴囊硬肿,Genital,FemaleFinding,AbdominalFinding
sx_阴囊肿大,Genital,FemaleFinding,AbdominalFinding
sx_阴囊透光阳性,Genital,FemaleFinding,AbdominalFinding
sx_阴囊透光阴性,Genital,FemaleFinding,AbdominalFinding
sx_阴户痛,Genital,FemaleFinding,WholeBodyFinding
sx_阴茎湿疹,Genital,FemaleFinding,AbdominalFinding
sx_阴茎溃烂,Genital,FemaleFinding,AbdominalFinding
sx_阴茎疼痛,Genital,FemaleFinding,WholeBodyFinding
sx_阴茎白斑,Genital,FemaleFinding,AbdominalFinding
sx_阴茎短小,Genital,FemaleFinding,AbdominalFinding
sx_阴茎粗长,Genital,FemaleFinding,AbdominalFinding
sx_阴茎肿胀,Genital,FemaleFinding,AbdominalFinding
sx_阴茎背部结节,Genital,FemaleFinding,AbdominalFinding
sx_阴茎腐脱,Genital,FemaleFinding,AbdominalFinding
sx_阴茎部漏尿,Genital,FemaleFinding,AbdominalFinding
sx_阴茎隐缩,Genital,FemaleFinding,AbdominalFinding
sx_阵发痛,HeadNeck,HeadNeckFinding,WholeBodyFinding
sx_项强,HeadNeck,HeadNeckFinding,PsychiatricFinding
sx_项背拘急,HeadNeck,HeadNeckFinding,PsychiatricFinding
sx_颈前瘿肿,HeadNeck,HeadNeckFinding,ThoraxFinding
sx_颈生疮,HeadNeck,HeadNeckFinding,ThoraxFinding
sx_颈生痈,HeadNeck,HeadNeckFinding,ThoraxFinding
sx_颈痛,HeadNeck,HeadNeckFinding,WholeBodyFinding
sx_颈粗,HeadNeck,HeadNeckFinding,ThoraxFinding
sx_颈细,HeadNeck,HeadNeckFinding,ThoraxFinding
sx_颈脉怒张,HeadNeck,HeadNeckFinding,ThoraxFinding
sx_颈脉搏动明显,HeadNeck,HeadNeckFinding,ThoraxFinding
sx_颈部发胀,HeadNeck,HeadNeckFinding,PsychiatricFinding
sx_颈部瘤体青筋显露,HeadNeck,HeadNeckFinding,WholeBodyFinding
sx_颈部肿块如串珠,HeadNeck,HeadNeckFinding,ThoraxFinding
sx_颈部臖核疼痛,HeadNeck,HeadNeckFinding,ThoraxFinding
sx_颈部臖核肿大,HeadNeck,HeadNeckFinding,ThoraxFinding
sx_颈部臖核肿硬,HeadNeck,HeadNeckFinding,ThoraxFinding
sx_颈项强痛,HeadNeck,HeadNeckFinding,WholeBodyFinding
sx_颈项强直,HeadNeck,HeadNeckFinding,ThoraxFinding
sx_颈项歪斜,HeadNeck,HeadNeckFinding,ThoraxFinding
sx_颈项活动受限,HeadNeck,HeadNeckFinding,ThoraxFinding
sx_颈项肿胀,HeadNeck,HeadNeckFinding,ThoraxFinding
sx_颌面疼痛,HeadNeck,HeadNeckFinding,WholeBodyFinding
sx_食入胸脘满闷,Thorax,ThoraxFinding,PsychiatricFinding
sx_骨蒸发热,HeadNeck,HeadNeckFinding,WholeBodyFinding
sx_髋部屈伸不利,LowerLimb,LimbFinding,AbdominalFinding
sx_髋部生痈,LowerLimb,LimbFinding,AbdominalFinding
sx_鸡眼,HeadNeck,HeadNeckFinding,LimbFinding
sx_鼻痛,HeadNeck,HeadNeckFinding,WholeBodyFinding
sx_龟头丘疹,HeadNeck,HeadNeckFinding,AbdominalFinding
sx_龟头溃烂,HeadNeck,HeadNeckFinding,AbdominalFinding
sx_龟头疣状肿物,HeadNeck,HeadNeckFinding,AbdominalFinding
sx_龟头破烂,HeadNeck,HeadNeckFinding,AbdominalFinding
sx_龟头红肿,HeadNeck,HeadNeckFinding,AbdominalFinding
sx_龟头结节,HeadNeck,HeadNeckFinding,AbdominalFinding
